{"cameraMode":{"drawMode":0,"name":"Shaded","section":"Shading Mode"},"sceneLighting":false,"audioPlay":false,"sceneViewState":{"showFog":true,"showMaterialUpdate":false,"showSkybox":false,"showFlares":true,"showImageEffects":true,"showParticleSystems":true},"in2DMode":false,"pivot":{"x":0.8839864730834961,"y":-8.768289566040039,"z":-7.39841365814209},"rotation":{"x":0.005048343446105719,"y":0.9073323011398315,"z":-0.42031344771385195,"w":0.010873536579310894},"size":0.8660253882408142,"orthographic":false}