{"cameraMode":{"drawMode":0,"name":"Shaded","section":"Shading Mode"},"sceneLighting":true,"audioPlay":false,"sceneViewState":{"showFog":true,"showMaterialUpdate":false,"showSkybox":true,"showFlares":true,"showImageEffects":true,"showParticleSystems":true},"in2DMode":false,"pivot":{"x":404.01513671875,"y":4.712791919708252,"z":-17.128864288330079},"rotation":{"x":-0.20248794555664063,"y":0.4850708842277527,"z":-0.11655829101800919,"w":-0.8427245616912842},"size":4.230683326721191,"orthographic":false}